{
    "Portola Pavilion": [
        33.8819444,
        -117.8888889
    ],
    "Titan Student Union": [
        33.8819444,
        -117.8880556
    ],
    "Kinesiology & Health Science": [
        33.8826838,
        -117.886296
    ],
    "Mihaylo Hall": [
        33.878888940693976,
        -117.88348406530989
    ],
    "Visual Arts": [
        33.88077307702159,
        -117.88852995221265
    ],
    "Ruby Gerontology Center": [
        33.88363691603486,
        -117.88327275097897
    ],
    "Bookstore/ Titan Shops": [
        33.88188262361762,
        -117.88689213345747
    ],

    "McCarthy Hall": [
        33.8796669549726,
        -117.88552350463843
    ],
    "Gordan Hall": [
        33.87963441901324,
        -117.88419181400886
    ],
    "Dan Black Hall": [
        33.87913962975409,
        -117.88582241552574
    ],
    "Humanities & Social Sciences": [
        33.88045882495749,
        -117.88421456458943
    ],
    "Eastside Parking Structure": [
        33.88076801224848,
        -117.88174426344023
    ],
    "Education Classroom": [
        33.8813636632225,
        -117.88431710832413
    ],
    "Student Health and Counseling Center": [
        33.88302852004184,
        -117.88428100529619
    ],
    "Nutwood Parking Structure": [
        33.8790352708196,
        -117.88853086652229
    ],
    "Clayes Performing Arts Center": [
        33.88052710230925,
        -117.88672318749235
    ],
    "Titan House": [
        33.88385844999999,
        -117.88415839999999
    ],
    "Carl's Jr.": [
        33.8793923,
        -117.88383660000001
    ],
    "Pollack Library": [
        33.88148792257758,
        -117.88539210297394
    ],
    "Student Recreation Center": [
        33.88309055480167,
        -117.88781398821018
    ],
    "State College Parking Structure": [
        33.883048871240824,
        -117.88859139314138
    ],

    "Engineering North West": [
        33.882687100000005,
        -117.88323940000001
    ],

    "Engineering South West": [
        33.88195760383943,
        -117.8832286750955
    ],
    "Computer Science": [
        33.88233384124133,
        -117.88266950167504
    ],
    "University Police": [
        33.883024482456,
        -117.88938701024846
    ]


}