{
    "Portola Pavilion": [
        33.8819444,
        -117.8888889
    ],
    "Titan Student Union": [
        33.8819444,
        -117.8880556
    ],
    "Kinesiology & Health Science": [
        33.8826838,
        -117.886296
    ],
    "Mihaylo Hall": [
        33.878888940693976,
        -117.88348406530989
    ],
    "Visual Arts": [
        33.88077307702159,
        -117.88852995221265
    ],
    "Ruby Gerontology Center": [
        33.88363691603486,
        -117.88327275097897
    ],
    "Bookstore/ Titan Shops": [
        33.88188262361762,
        -117.88689213345747
    ],
    "Langsdorf Hall": [
        33.87901371516727,
        -117.8844430844597
    ],
    "McCarthy Hall": [
        33.8796669549726,
        -117.88552350463843
    ],
    "Gordan Hall": [
        33.87963441901324,
        -117.88419181400886
    ],
    "Dan Black Hall": [
        33.87913962975409,
        -117.88582241552574
    ],
    "Humanities & Social Sciences": [
        33.88045882495749,
        -117.88421456458943
    ],
    "Eastside Parking Structure": [
        33.88076801224848,
        -117.88174426344023
    ],
    "Education Classroom": [
        33.8813636632225,
        -117.88431710832413
    ],
    "Student Health and Counseling Center": [
        33.88302852004184,
        -117.88428100529619
    ],
    "Nutwood Parking Structure": [
        33.8790352708196,
        -117.88853086652229
    ],
    "Clayes Performing Arts Center": [
        33.88052710230925,
        -117.88672318749235
    ],
    "Titan House": [
        33.88385844999999,
        -117.88415839999999
    ],
    "Carl's Jr.": [
        33.8793923,
        -117.88383660000001
    ],
    "Pollack Library": [
        33.88148792257758,
        -117.88539210297394
    ],
    "Student Recreation Center": [
        33.88309055480167,
        -117.88781398821018
    ],
    "State College Parking Structure": [
        33.883048871240824,
        -117.88859139314138
    ],
    "Heritage House": [
        33.8870896963235,
        -117.88358923179551
    ],
    "Nature Center": [
        33.887714,
        -117.8839828
    ],
    "Classrooms": [
        33.888128966368576,
        -117.88438754890697
    ],
    "Administration": [
        33.888013495862424,
        -117.88346392635498
    ],
    "The Gastronome": [
        33.883167762163374,
        -117.8823144951872
    ],
    "Cypress Hall": [
        33.88577197513742,
        -117.88234795721888
    ],
    "Sycamore/Valencia Hall": [
        33.88608394878392,
        -117.88194333159967
    ],
    "Resident Hall Parking": [
        33.88593612240632,
        -117.88129419338699
    ],
    "Willow Hall": [
        33.88543004656732,
        -117.88245618227776
    ],
    "Manzanita Hall": [
        33.8850508488901,
        -117.88266416943188
    ],
    "Birch Hall": [
        33.88456328487386,
        -117.88219149960206
    ],
    "Oak Hall": [
        33.88506389903352,
        -117.88212626585023
    ],
    "Acacia Hall": [
        33.88457794514116,
        -117.882506114834
    ],
    "Elm Hall": [
        33.885147534395585,
        -117.88172937569803
    ],
    "Fig Hall": [
        33.884501179569924,
        -117.88172189083313
    ],
    "Juniper Hall": [
        33.88409139928723,
        -117.88236330894232
    ],
    "Pine Hall": [
        33.8836083554597,
        -117.88271992325033
    ],
    "Holly Hall": [
        33.883854479569926,
        -117.88171199083315
    ],
    "Engineering": [
        33.88232367512114,
        -117.88323399494566
    ],
    "Engineering North West": [
        33.882687100000005,
        -117.88323940000001
    ],
    "Engineering North East": [
        33.88269239999999,
        -117.88274699999997
    ],
    "Engineering South East": [
        33.881963246242165,
        -117.8827307746513
    ],
    "Engineering South West": [
        33.88195760383943,
        -117.8832286750955
    ],
    "Computer Science": [
        33.88233384124133,
        -117.88266950167504
    ],
    "University Police": [
        33.883024482456,
        -117.88938701024846
    ],
    "Parking and Transportation": [
        33.88485137463124,
        -117.88945220532334
    ],
    "Environmental Health and Safety": [
        33.8851899,
        -117.8894574
    ],
    "Shipping & Receiving": [
        33.88380455,
        -117.88861114999999
    ],
    "Nursery Building": [
        33.888144450000006,
        -117.88217159999999
    ],
    "Greenhouse": [
        33.88811198362412,
        -117.88246906669967
    ],
    "Maintenance": [
        33.88842855,
        -117.88356905
    ],
    "Visitor Center": [
        33.88824475483144,
        -117.88426720385878
    ],
    "Arboretum Museum": [
        33.888156521482536,
        -117.8841149174611
    ],
    "Potting Shed": [
        33.88809742750175,
        -117.88391654723758
    ],
    "Golleher Alumni House": [
        33.88227494423004,
        -117.88939766277107
    ]
}